''&apos; (letter)''  –  '''y'y'''

''%''  –  '''ce'i'''

''( (bracket)''  –  '''vei'''

'') (bracket)''  –  '''ve'o'''

''/ (division operator)''  –  '''fe'i'''

''0''  –  '''no'''

''1''  –  '''pa'''

''10''  –  '''dau'''

''11''  –  '''fei'''

''12''  –  '''gai'''

''13''  –  '''jau'''

''14''  –  '''xei'''

''15''  –  '''vai'''

''2''  –  '''re'''

''2.71828 ... (number)''  –  '''te'o'''

''3''  –  '''ci'''

''3.14159 ... (pi)''  –  '''pai'''

''4''  –  '''vo'''

''5''  –  '''mu'''

''6''  –  '''xa'''

''7''  –  '''ze'''

''8''  –  '''bi'''

''9''  –  '''so'''

''? (yes/no question)''  –  '''xu'''

''A (hex digit)''  –  '''dau'''

''Africa''  –  '''la  Afrik'''

''Alice''  –  '''la Alis'''

''America''  –  '''la Amerik'''

''Anne (personal name)''  –  '''la An'''

''Asia''  –  '''la Asi'as'''

''At ease!''  –  '''hey!''', '''psst!, ahem!, attention! cu'i'''

''Australia''  –  '''la Australi'as'''

''B (hex digit)''  –  '''fei'''

''Beijing''  –  '''la Beidzin'''

''Blah! (weariness)''  –  '''u'i nai'''

''C (hex digit)''  –  '''gai'''

''California''  –  '''la Kaliforni'as'''

''D (hex digit)''  –  '''jau'''

''E (hex digit)''  –  '''xei'''

''Eduard (personal name)''  –  '''la Edvard'''

''Europe''  –  '''la E'uropas'''

''Eww! (repulsion)''  –  '''a'u nai'''

''F (hex digit)''  –  '''vai'''

''Gah! (despair)''  –  '''a'o nai'''

''Ho-hum (disinterest)''  –  '''hmm... (interest)''', '''wonder ... (interest) [I] cu'i'''

''Hong Kong''  –  '''la Si'angan'''

''I''  –  '''mi'''

''I am ... (self-identification of the speaker)''  –  '''mi'e'''

''I am done talking''  –  '''mu'o'''

''I am not (denial of the speaker&apos;s identity)''  –  '''mi'e nai'''

''I and you''  –  '''mi'o'''

''I got your message''  –  '''je'e'''

''I have no idea! (lack of certainty)''  –  '''ju'o nai'''

''I heard you''  –  '''ke'o nai'''

''I promise''  –  '''nu'e'''

''I repeat''  –  '''ke'u'''

''I understand (understanding about something said)''  –  '''ki'a nai'''

''I&apos;m sure (certainty)''  –  '''ju'o'''

''Ignore me!''  –  '''ju'i nai'''

''Japan''  –  '''la Nipon'''

''Jasmine (personal name)''  –  '''la Jasmin'''

''Kevin (personal name)''  –  '''la Kevin'''

''Let&apos;s (suggestion)''  –  '''e'u'''

''Lojban (language)''  –  '''la Lojban'''

''London''  –  '''la London'''

''Mei Li (personal name)''  –  '''la Meilis'''

''Moscow''  –  '''la Moskov'''

''Nevermind!''  –  '''ju'i nai'''

''New York''  –  '''la Nuiork'''

''OK (acceptance)''  –  '''i'a'''

''Paris''  –  '''la Paris'''

''Russia''  –  '''la Rosi'as'''

''Tokio''  –  '''la Toki'os'''

''Yuck! (repulsion)''  –  '''a'u nai'''

''+ (addition operator)''  –  '''su'i'''

''a (letter)''  –  '''abu'''

''a/an (one)''  –  '''lo''', '''lo pa'''

''<small>to be</small> able to''  –  '''kakne'''

''<small>that is</small> about ...''  –  '''pe'''

''<small>to talk</small> about ...''  –  '''tavla fi'''

''<small>which is</small> about ...''  –  '''ne'''

''about to ...''  –  '''pu'o'''

''above''  –  '''ga'u'''

''<small>to</small> abrade''  –  '''guska''', '''sraku'''

''<small>to</small> absorb''  –  '''cokcu'''

''<small>to</small> accept (to consent)''  –  '''tolpro'''

''<small>to</small> accept (to take)''  –  '''lebna'''

''<small>to</small> accompany''  –  '''kansa'''

''account (description)''  –  '''lo ve skicu'''

''account (explanation)''  –  '''lo ve ciksi'''

''account (history)''  –  '''lo citri'''

''<small>to</small> acquire''  –  '''cpacu'''

''across ... (on the opposite side)''  –  '''ze'o'''

''<small>to</small> act''  –  '''zukte'''

''actually ...''  –  '''ca'a'''

''<small>to</small> add''  –  '''jmina'''

''additionally''  –  '''ji'a'''

''<small>to</small> adhere to''  –  '''snipa'''

''adjacent to ...''  –  '''re'o'''

''<small>to</small> adjust''  –  '''stika'''

''after ... (in time)''  –  '''ba'''

''again''  –  '''za'u re'u'''

''ago''  –  '''za'''

''<small>to</small> agree with''  –  '''tugni'''

''aha! (discovery)''  –  '''ua'''

''ahem!''  –  '''ju'i'''

''ahoy! (greeting in a piratic manner)''  –  '''a'oi'''

''ain&apos;t?''  –  '''xu nai'''

''alas! (unhappiness)''  –  '''ui nai'''

''all''  –  '''ro'''

''all but ...''  –  '''da'a'''

''all except ...''  –  '''da'a'''

''allow''  –  '''e'a'''

''<small>to</small> allow''  –  '''permite'''

''almost (about to be)''  –  '''so'a va'e'''

''almost all''  –  '''so'a'''

''alone''  –  '''ka'ai no drata'''

''alone (without help)''  –  '''si'u nai'''

''along a line''  –  '''vi'i'''

''along with...''  –  '''ce'''

''alongside ...''  –  '''zo'a'''

''already''  –  '''ca'o''', '''xa'o'''

''also''  –  '''ji'a'''

''although''  –  '''ku'i'''

''always''  –  '''ro roi'''

''<small>to be</small> among (between)''  –  '''jbini'''

''<small>to be</small> among''  –  '''me'''

''among others''  –  '''po'o nai'''

''<small>to</small> analyze''  –  '''lanli'''

''and''  –  '''gi'e''', '''je, zi'e'''

''and also ...''  –  '''ce'''

''and not''  –  '''gi'e nai'''

''and respectively ...''  –  '''fa'u'''

''and so on ...''  –  '''li'o'''

''and then ...''  –  '''ce'o'''

''and/or''  –  '''gi'a''', '''ja'''

''<small>to</small> annoy''  –  '''fanza'''

''<small>to</small> answer''  –  '''spusku'''

''<small>to</small> answer to''  –  '''spuda'''

''anti-''  –  '''to'e'''

''anyway''  –  '''ta'i ro da'''

''apostrophe''  –  '''y'y'''

''<small>to</small> appear''  –  '''to'e canci'''

''<small>to</small> approve of''  –  '''zanru'''

''approximately ...''  –  '''ji'i'''

''<small>to</small> argue''  –  '''darlu'''

''around''  –  '''ru'u'''

''<small>to</small> arrive at''  –  '''tsuku'''

''as (in the manner)''  –  '''tai'''

''as (to the same degree)''  –  '''du'i'''

''as I already said''  –  '''ke'u'''

''as much as ...''  –  '''du'i'''

''as said by ...''  –  '''cu'u'''

''as soon as''  –  '''ba zi'''

''ashes''  –  '''festi lo nu fagri'''

''<small>to</small> ask''  –  '''retsku'''

''<small>to</small> ask for''  –  '''cpedu'''

''<small>to</small> assemble''  –  '''zbasu'''

''<small>to</small> assert''  –  '''xusra'''

''<small>to</small> assume''  –  '''sruma'''

''<small>to</small> astonish''  –  '''marvele'''

''at ... (some place)''  –  '''bu'u'''

''at ... (some time)''  –  '''ca'''

''at any time''  –  '''ca ro da'''

''at first''  –  '''pa mai'''

''at least''  –  '''do'a nai'''

''at least ...''  –  '''su'o'''

''at most ...''  –  '''su'e'''

''<small>to</small> attack''  –  '''gunta'''

''attention!''  –  '''ju'i'''

''<small>to</small> attract''  –  '''trina'''

''<small>to</small> avoid''  –  '''rivbi'''

''away from ...''  –  '''to'o'''

''aww! (love)''  –  '''iu'''

''b (letter)''  –  '''by'''

''back to the main point''  –  '''ta'o nai'''

''<small>to</small> baffle''  –  '''cfipu'''

''based on ...''  –  '''se ji'u'''

''<small>to</small> be (one of)''  –  '''me'''

''be (to be equal''  –  '''du'''

''<small>to</small> bear''  –  '''bevri'''

''<small>to</small> beat''  –  '''darxi'''

''because of reason ...''  –  '''ki'u'''

''because of the cause ...''  –  '''ri'a'''

''<small>to</small> become''  –  '''binxo''', '''co'a'''

''before ... (in time)''  –  '''pu'''

''<small>to</small> beg''  –  '''pikci'''

''<small>to</small> begin''  –  '''cfari'''

''<small>to</small> behave''  –  '''tarti'''

''behind''  –  '''ti'a'''

''<small>live</small> being''  –  '''lo jmive'''

''being a replacement of ...''  –  '''se ba'i'''

''being most in ...''  –  '''se rai'''

''being observed''  –  '''ga'a'''

''<small>to</small> believe''  –  '''krici'''

''<small>to</small> belong to (be a part of)''  –  '''pagbu'''

''<small>to</small> belong to (be owned by)''  –  '''se ponse'''

''<small>to</small> belong to (the group)''  –  '''me'''

''benefiting from ...''  –  '''se xau'''

''besides''  –  '''ta'o ji'a'''

''best''  –  '''traji lo ka xamgu'''

''better''  –  '''zmadu fi lo ka xamgu''', '''se mau xau'''

''between ... and ...''  –  '''bi'i'''

''between ... and ... (ordered)''  –  '''bi'o'''

''<small>to be</small> between''  –  '''jbini'''

''between me and ...''  –  '''ca'u'''

''beyond ...''  –  '''ze'o'''

''<small>to</small> bid farewell to''  –  '''tolrinsa'''

''big''  –  '''ve'u'''

''<small>to</small> bind''  –  '''lasna'''

''<small>to</small> bite''  –  '''batci'''

''blow (wind)''  –  '''brife'''

''<small>to</small> boil''  –  '''febvi'''

''boo! (disapproval)''  –  '''i'e nai'''

''<small>to be</small> born''  –  '''jbena'''

''<small>to</small> borrow''  –  '''jbera'''

''both''  –  '''ro lo re'''

''<small>to</small> brake''  –  '''jabre'''

''<small>to</small> break''  –  '''porpi'''

''<small>to</small> breath''  –  '''vasxu'''

''<small>to</small> bring''  –  '''bevri'''

''<small>to</small> broadcast''  –  '''cradi'''

''broadly construed''  –  '''do'a'''

''<small>to</small> brush against''  –  '''se mosra'''

''<small>to</small> burn''  –  '''se fagri'''

''<small>to</small> burp''  –  '''kafke'''

''<small>to</small> burst into''  –  '''spoja'''

''but''  –  '''ku'i'''

''by (instrument)''  –  '''se pi'o'''

''by ... (alongside)''  –  '''zo'a'''

''by default''  –  '''na'o'''

''by method ...''  –  '''ta'i'''

''by the way''  –  '''ta'o'''

''bye!''  –  '''co'o'''

''c (letter)''  –  '''cy'''

''<small>to</small> call (on the phone)''  –  '''jorne'''

''<small>to</small> call (to name)''  –  '''te cmene'''

''can (to be able)''  –  '''kakne'''

''<small>to</small> capture''  –  '''kavbu'''

''care''  –  '''lo nu kurji'''

''<small>to</small> care''  –  '''kurji'''

''<small>to</small> carry''  –  '''bevri'''

''<small>to</small> cause''  –  '''gasnu'''

''<small>to</small> cause effect''  –  '''rinka'''

''<small>to</small> cease''  –  '''sisti'''

''<small>to</small> celebrate''  –  '''salci'''

''<small>to</small> challenge''  –  '''talsa'''

''<small>by</small> chance (random)''  –  '''lo cunso'''

''<small>to</small> change''  –  '''galfi''', '''stika'''

''character (letter)''  –  '''lo lerfu'''

''characterizing ...''  –  '''kai'''

''<small>to</small> chase''  –  '''jersi'''

''<small>to</small> choose''  –  '''cuxna'''

''ciao! (hello! or goodbye! depending on context)''  –  '''co'oi'''

''<small>to</small> cite''  –  '''sitna'''

''<small>to</small> claim''  –  '''xusra'''

''<small>to</small> clean''  –  '''lumci'''

''clearly''  –  '''li'a'''

''clever''  –  '''lo stati'''

''<small>to</small> climb on''  –  '''cpare'''

''<small>to</small> close''  –  '''jai gau ganlo'''

''<small>to</small> clutch''  –  '''jgari'''

''<small>to</small> collide with''  –  '''janli'''

''<small>to</small> combine''  –  '''jmina'''

''<small>to</small> come''  –  '''klama'''

''come on! (instigation''  –  '''e'e'''

''<small>to</small> command''  –  '''minde'''

''<small>to</small> commence''  –  '''cfari'''

''common cold (disease)''  –  '''la Zukam'''

''compassion)''  –  '''uu'''

''compelled by force ...''  –  '''bai'''

''<small>to</small> compete''  –  '''jivna'''

''competent''  –  '''lo kakne''', '''lo certu, lo kakne, lo certu'''

''<small>to</small> complain about''  –  '''pante'''

''<small>to</small> complete''  –  '''jai gau mulno'''

''completing ...''  –  '''mo'u'''

''<small>to</small> concern (to be on mind of)''  –  '''se pensi'''

''<small>to</small> concern (to be relevant)''  –  '''srana'''

''<small>to</small> condense''  –  '''lunsa'''

''<small>on</small> condition that ...''  –  '''va'o'''

''<small>to</small> confirm''  –  '''tolna'e'''

''<small>to</small> confuse''  –  '''cfipu'''

''<small>to</small> conjecture''  –  '''smadi'''

''<small>to</small> consume''  –  '''xaksu'''

''contacting ...''  –  '''re'o'''

''<small>to</small> contain''  –  '''vasru'''

''<small>to</small> continue (persist)''  –  '''ranji'''

''continuously''  –  '''ru'i'''

''<small>to</small> contradict''  –  '''natfe'''

''<small>to</small> control''  –  '''jitro'''

''<small>to</small> convince''  –  '''bapli'''

''<small>to</small> cook''  –  '''jukpa'''

''<small>to</small> copulate''  –  '''gletu'''

''<small>to</small> cost''  –  '''rupnu'''

''<small>to</small> cough''  –  '''kafke'''

''<small>to</small> count''  –  '''kancu'''

''<small>to</small> count on''  –  '''lacri'''

''court (group of judges)''  –  '''loi pajni'''

''<small>to</small> cover''  –  '''punji lo gacri'''

''<small>to</small> crash into''  –  '''janli'''

''<small>to</small> create''  –  '''finti'''

''<small>to</small> cross''  –  '''klama fo lo kruca'''

''crowd (of people)''  –  '''loi prenu'''

''<small>to</small> crush''  –  '''marxa'''

''<small>to</small> cry''  –  '''klaku'''

''<small>to</small> cry out''  –  '''krixa''', '''krixa'''

''<small>to</small> cure''  –  '''mikce'''

''currently''  –  '''ca'''

''<small>to</small> cut (erode)''  –  '''sraku'''

''<small>to</small> cut into''  –  '''katna'''

''d (letter)''  –  '''dy'''

''<small>to</small> dance''  –  '''dansu'''

''<small>to</small> dare (be audacious)''  –  '''darsi'''

''darn! (complaint)''  –  '''oi'''

''dear me! (surprise)''  –  '''ue'''

''death''  –  '''lo nu morsi''', '''lo nu co'a morsi'''

''<small>to</small> decay''  –  '''fusra'''

''<small>to</small> decide''  –  '''jdice'''

''<small>to</small> decide on''  –  '''cuxna'''

''<small>to</small> decrease in''  –  '''jdika'''

''<small>to</small> defend''  –  '''bandu'''

''delight (happiness)''  –  '''lo ka mutce lo ka gleki''', '''lo ka gleki'''

''delight (pleasure)''  –  '''lo ka se pluka'''

''<small>to</small> demand''  –  '''minde'''

''<small>to</small> demonstrate''  –  '''jarco'''

''<small>to</small> deny''  –  '''natfe'''

''<small>to</small> describe''  –  '''skicu'''

''<small>to</small> deserve''  –  '''jerna'''

''<small>to</small> design plot''  –  '''platu'''

''<small>to</small> desire''  –  '''djica'''

''<small>to</small> despise''  –  '''xebni'''

''<small>to</small> destroy''  –  '''daspo'''

''<small>to</small> detect''  –  '''ganse'''

''<small>to</small> develop into''  –  '''farvi'''

''<small>to</small> die''  –  '''co'a morsi'''

''<small>to</small> differ from''  –  '''frica'''

''<small>to</small> dig''  –  '''kakpa'''

''<small>to</small> direct (to aim at)''  –  '''jai zu'e farna'''

''<small>to</small> direct (to manage)''  –  '''sazri'''

''dirty (full of dirt)''  –  '''culno lo dertu'''

''<small>to</small> discover''  –  '''facki'''

''<small>to</small> discuss''  –  '''casnu'''

''<small>to</small> disrupt''  –  '''dicra''', '''zunti'''

''<small>to</small> dissolve''  –  '''runta'''

''<small>to</small> disturb''  –  '''raktu'''

''ditto (the same thing) — another one''  –  '''mi'u'''

''<small>to</small> dive into''  –  '''sfubu'''

''<small>to</small> divide''  –  '''fendi'''

''<small>to</small> do (to act)''  –  '''zukte'''

''<small>to</small> donate''  –  '''dunda'''

''door''  –  '''lo gacri be lo vorme'''

''doubt''  –  '''lo nu senpi'''

''<small>to</small> doubt''  –  '''senpi'''

''doubtless (likely)''  –  '''la'a sai'''

''doubtless (who doesn&apos;t doubt)''  –  '''lo na senpi'''

''down from ...''  –  '''ni'a'''

''dozen''  –  '''gai'''

''<small>to</small> drag''  –  '''lacpu'''

''<small>to</small> drain''  –  '''rinci'''

''<small>to</small> dream about''  –  '''senva'''

''<small>to</small> drink''  –  '''pinxe'''

''<small>to</small> drive (e.g. a machine)''  –  '''sazri'''

''<small>to</small> drop (let fall)''  –  '''curmi lo nu farlu'''

''due to ...''  –  '''se xau'''

''duh! (confusion''  –  '''ua nai'''

''during ...''  –  '''ca''', '''ze'i, ze'u'''

''during ... ''  –  '''ze'a'''

''<small>to</small> dwell''  –  '''xabju'''

''e (letter)''  –  '''ebu'''

''e (number)''  –  '''te'o'''

''e.g.''  –  '''mu'a'''

''each''  –  '''ro lo''', '''ro'''

''each other''  –  '''zu'ai'''

''<small>to</small> earn (deserve)''  –  '''jerna'''

''<small>to</small> eat''  –  '''citka'''

''<small>to</small> echo''  –  '''minra'''

''eek! (fear)''  –  '''ii'''

''eight''  –  '''bi'''

''either ... or ...''  –  '''jo nai'''

''eleven''  –  '''fei'''

''<small>to</small> emit''  –  '''dirce'''

''<small>to</small> emphasize''  –  '''basna'''

''<small>to</small> enclose''  –  '''sruri'''

''<small>to</small> encounter''  –  '''penmi'''

''<small>to</small> end''  –  '''jai gau fanmo'''

''endeavor)''  –  '''a'i'''

''<small>to</small> endure''  –  '''renvi'''

''enough''  –  '''rau'''

''<small>to</small> enter''  –  '''klama lo nenri'''

''<small>in</small> environment ...''  –  '''va'o'''

''<small>to</small> envy''  –  '''jilra'''

''<small>to be</small> equal to''  –  '''du'''

''equally''  –  '''du'i'''

''equally (in importance)''  –  '''primarily''', '''mainly (in importance) cu'i'''

''<small>to</small> erode''  –  '''guska''', '''sraku'''

''err (hesitation noise)''  –  '''y'''

''<small>to</small> err in''  –  '''srera'''

''<small>to</small> escape fate''  –  '''rivbi'''

''eternally''  –  '''ze'e'''

''eureka! (discovery)''  –  '''ua'''

''<small>to</small> evaporate''  –  '''febvi'''

''even (surprisingly)''  –  '''ue'''

''ever (at any time)''  –  '''ca ro da'''

''every (each)''  –  '''ro lo'''

''<small>to</small> evolve into''  –  '''farvi'''

''<small>to</small> exceed''  –  '''zmadu'''

''<small>to</small> excrete''  –  '''vikmi'''

''<small>to</small> exist''  –  '''zasti'''

''<small>to</small> expect''  –  '''kanpe'''

''<small>to</small> experience''  –  '''lifri'''

''experienced by...''  –  '''ri'i'''

''<small>to</small> explain''  –  '''ciksi'''

''<small>to</small> explode''  –  '''spoja'''

''exponential''  –  '''te'o'''

''<small>to</small> express (to communicate)''  –  '''cusku''', '''smusku'''

''<small>to</small> extend''  –  '''kuspe'''

''<small>to</small> extend to''  –  '''tcena'''

''f (letter)''  –  '''fy'''

''<small>to</small> fail at''  –  '''fliba'''

''<small>to</small> fall to''  –  '''farlu'''

''false_''  –  '''na'''

''far away''  –  '''vu'''

''<small>to</small> fart''  –  '''kafke'''

''<small>to</small> fasten''  –  '''lasna'''

''<small>to</small> fear''  –  '''terpa'''

''<small>to</small> feel''  –  '''lifri'''

''few''  –  '''so'u'''

''fifteen''  –  '''vai'''

''<small>to</small> fight''  –  '''damba'''

''<small>to</small> fill with''  –  '''tisna'''

''finally (in the end)''  –  '''ca lo fanmo'''

''finally (lastly)''  –  '''ro mai'''

''<small>to</small> find''  –  '''tolcri'''

''fine! (approval)''  –  '''i'e'''

''<small>to</small> finish''  –  '''jai gau mulno'''

''first''  –  '''pa moi'''

''firstly''  –  '''pa mai'''

''<small>to</small> fit (to suit)''  –  '''mapti'''

''fitting (e.g. of a dress)''  –  '''lo no'e tagji'''

''five''  –  '''mu'''

''<small>to</small> flirt with''  –  '''firca'''

''<small>to</small> float''  –  '''fulta'''

''<small>to</small> flow''  –  '''flu'ente'''

''<small>to</small> flush''  –  '''rinci'''

''<small>to</small> fly''  –  '''vofli'''

''<small>to</small> fold''  –  '''polje'''

''<small>to</small> follow''  –  '''jersi'''

''for a long time''  –  '''ze'u'''

''for a short time''  –  '''ze'i'''

''for example''  –  '''mu'a'''

''for one (not excluding other)''  –  '''uniquely''', '''only, solely cu'i'''

''for some time''  –  '''ze'a'''

''for the benefit of ...''  –  '''xau''', '''se va'u'''

''<small>to</small> force''  –  '''bapli'''

''<small>to</small> forget''  –  '''co'u morji'''

''<small>to</small> forgive''  –  '''fraxu'''

''<small>to</small> form (to compose)''  –  '''se pagbu'''

''<small>to</small> form (to create)''  –  '''zbasu'''

''former''  –  '''pu''', '''pe pu'''

''former event''  –  '''lo pu fasnu'''

''forward''  –  '''mo'i ca'u'''

''four''  –  '''vo'''

''fourteen''  –  '''xei'''

''<small>to</small> freeze''  –  '''dunja'''

''from center of ... and of distance ... around''  –  '''mi'i'''

''from origin ...''  –  '''ra'i'''

''from source ...''  –  '''ra'i'''

''from starting point ...''  –  '''ra'i'''

''<small>to</small> frown''  –  '''frumu'''

''<small>to</small> furnish''  –  '''nilce'''

''furthermore''  –  '''ke'u nai'''

''future tense''  –  '''ba'''

''g (letter)''  –  '''gy'''

''<small>to</small> gain (to become)''  –  '''co'a'''

''<small>to</small> gain (to obtain)''  –  '''cpacu'''

''<small>to</small> gather at''  –  '''jmaji'''

''generally (usually)''  –  '''so'e roi ku'''

''generously''  –  '''do'a'''

''gentleman''  –  '''lo nobli''', '''lo nobli nanmu'''

''<small>to</small> get''  –  '''cpacu'''

''get it! (discovery)''  –  '''ua'''

''<small>to</small> give''  –  '''dunda'''

''given that ...''  –  '''se ji'u'''

''glass''  –  '''lo kabri''', '''lo blaci kabri'''

''<small>to</small> glide on''  –  '''sakli'''

''<small>to</small> go to''  –  '''klama'''

''<small>to</small> go up''  –  '''klama lo gapru'''

''<small>with a</small> goal of ...''  –  '''te zu'e'''

''going from ...''  –  '''te ka'a'''

''going to ...''  –  '''se ka'a'''

''<small>I am</small> going to''  –  '''ai'''

''<small>I&apos;m</small> gonna ...''  –  '''ai'''

''goodbye!''  –  '''co'o'''

''<small>to</small> govern''  –  '''turni'''

''<small>to</small> grant''  –  '''dunda'''

''great (huge)''  –  '''lo ve'u barda'''

''greater than ...''  –  '''za'u'''

''<small>to</small> greet''  –  '''rinsa'''

''<small>to</small> grind''  –  '''zalvi'''

''ground (floor)''  –  '''lo loldi'''

''<small>to</small> grow''  –  '''banro'''

''grr! (aggression)''  –  '''le'o'''

''<small>to</small> guard (to protect)''  –  '''jai gau snura''', '''bandu'''

''<small>to</small> guess''  –  '''smadi'''

''<small>to</small> guide''  –  '''gidva'''

''ha-ha! (amusement)''  –  '''u'i'''

''habitually''  –  '''ta'e'''

''<small>to</small> hang from''  –  '''dandu'''

''<small>to</small> happen''  –  '''fasnu'''

''happening to...''  –  '''ri'i'''

''hard (not soft)''  –  '''lo jdari'''

''<small>to</small> harvest''  –  '''crepu'''

''<small>to</small> hate''  –  '''xebni'''

''<small>to</small> have (to keep)''  –  '''ralte'''

''<small>to</small> have (to possess)''  –  '''ponse'''

''he''  –  '''le nakni''', '''le pa nakni'''

''<small>to</small> hear''  –  '''tirna'''

''heaven (sky)''  –  '''lo tsani'''

''hello!''  –  '''coi'''

''<small>to</small> help''  –  '''sidju'''

''her (belonging to her)''  –  '''pe le fetsi'''

''here''  –  '''ne'a''', '''vi'''

''here and now''  –  '''nau'''

''hey!''  –  '''ju'i'''

''hey?! (surprise)''  –  '''ue'''

''hh?''  –  '''ke'o'''

''hi!''  –  '''coi'''

''<small>to</small> hide''  –  '''mipri'''

''<small>to</small> hide oneself''  –  '''mipri lo nei'''

''higher (complex)''  –  '''lo pluja'''

''higher (evolved)''  –  '''lo se farvi'''

''hill''  –  '''lo ve'i cmana'''

''his (belonging to him)''  –  '''pe le nakni'''

''<small>to</small> hit''  –  '''darxi'''

''hmm... (interest)''  –  '''a'u'''

''hmph! (complaint)''  –  '''oi'''

''<small>to</small> hold''  –  '''jgari'''

''<small>to</small> hold up against''  –  '''sarji'''

''<small>at</small> home''  –  '''bu'u lo zdani'''

''honor (respect)''  –  '''lo nu sinma'''

''hooray! (happiness)''  –  '''ui'''

''<small>I</small> hope''  –  '''a'o'''

''<small>to</small> hope for''  –  '''pacna'''

''how''  –  '''ta'i ma'''

''however''  –  '''ku'i'''

''<small>to</small> howl''  –  '''cmoni'''

''huge''  –  '''lo ve'u barda'''

''huh? (confusion about something said)''  –  '''ki'a'''

''<small>to</small> hunt''  –  '''kalte'''

''<small>to</small> hurt (feel pain)''  –  '''cortu'''

''i (imaginary i)''  –  '''ka'o'''

''i (letter)''  –  '''ibu'''

''if''  –  '''fau''', '''va'o, ga nai ... gi'''

''if and only if''  –  '''gi'o''', '''jo'''

''imaginary i''  –  '''ka'o'''

''<small>to</small> imply''  –  '''nibli'''

''improbably''  –  '''la'a nai'''

''in ... (inside)''  –  '''ne'i'''

''in a long time''  –  '''zu'''

''in any case''  –  '''fau ro da'''

''in context ...''  –  '''ci'e'''

''in contrast''  –  '''ku'i'''

''in detail''  –  '''to'u nai'''

''in fact''  –  '''ca'a'''

''in future''  –  '''ba'''

''in general (usually)''  –  '''so'e roi ku'''

''in language ...''  –  '''bau'''

''in line''  –  '''ku'i nai'''

''in my opinion''  –  '''pe'i'''

''in other words''  –  '''va'i'''

''in past''  –  '''pu'''

''in reference frame ...''  –  '''ma'i'''

''in short''  –  '''to'u'''

''in some time''  –  '''za'''

''in system ...''  –  '''ci'e'''

''in the aftermath''  –  '''ba'o'''

''incidentally (low in importance)''  –  '''ra'u nai'''

''<small>to</small> increase in''  –  '''zenba'''

''indeed''  –  '''je'a'''

''<small>to</small> influence''  –  '''xlura'''

''<small>to</small> inform (to give information)''  –  '''jai gau djuno'''

''<small>to</small> inhabit''  –  '''xabju'''

''<small>to</small> inhale''  –  '''sakci'''

''<small>to</small> inherit''  –  '''cerda'''

''<small>to</small> injure''  –  '''xrani'''

''<small>to</small> insert''  –  '''setca'''

''inside''  –  '''ne'i'''

''inside of ...''  –  '''ne'i'''

''instead''  –  '''se ba'i'''

''<small>to</small> insure''  –  '''binra'''

''<small>to</small> intend to''  –  '''aidji'''

''<small>to</small> interest (be of interest to)''  –  '''cinri'''

''<small>to</small> interfere''  –  '''zunti'''

''intermittently''  –  '''ru'i nai'''

''<small>to</small> interrupt''  –  '''dicra'''

''<small>to</small> intersect''  –  '''kruca'''

''into''  –  '''ne'i''', '''ne ne'i'''

''<small>to</small> intuit''  –  '''jijnu'''

''<small>to</small> invent''  –  '''finti'''

''<small>to</small> invest''  –  '''zivle'''

''irregularly''  –  '''di'i nai'''

''isn&apos;t it?''  –  '''xu nai'''

''it (the event)''  –  '''le fasnu'''

''it (the object)''  –  '''le dacti'''

''it seems''  –  '''si'au'''

''j (letter)''  –  '''jy'''

''jai gau tinsa''  –  '''fix (to make rigid) [to]'''

''<small>to</small> join (to unite)''  –  '''jai gau jorne'''

''<small>to</small> judge''  –  '''jdice''', '''pajni'''

''<small>to</small> jump to''  –  '''plipe'''

''just (recently)''  –  '''pu zi sai'''

''justifiably''  –  '''ki'u'''

''k (letter)''  –  '''ky'''

''<small>to</small> keep''  –  '''ralte'''

''kidding... (humorously)''  –  '''zo'o'''

''<small>to</small> kill''  –  '''catra'''

''<small>to</small> kiss''  –  '''cinba'''

''<small>to</small> knit''  –  '''nivji'''

''<small>to</small> know''  –  '''djuno'''

''l (letter)''  –  '''ly'''

''<small>to</small> lack''  –  '''claxu'''

''lacked by ...''  –  '''cau'''

''lacking ...''  –  '''se cau'''

''lady''  –  '''lo nobli''', '''lo nobli ninmu'''

''large''  –  '''ve'u'''

''<small>to</small> lash''  –  '''bikla'''

''last''  –  '''lo ro moi'''

''<small>to</small> laugh''  –  '''cmila'''

''<small>to</small> launch''  –  '''cecla''', '''renro'''

''<small>to</small> lay''  –  '''punji'''

''<small>to</small> lead''  –  '''gidva'''

''<small>to</small> learn''  –  '''cilre'''

''least''  –  '''to'e traji'''

''<small>to</small> leave''  –  '''cliva'''

''leftwards''  –  '''zu'a'''

''less than ...''  –  '''se me'a''', '''me'i'''

''<small>to</small> let (permit)''  –  '''permite'''

''<small>to</small> let happen''  –  '''curmi'''

''<small>to</small> lie (horizontally)''  –  '''vreta'''

''life''  –  '''lo nu jmive''', '''lo nu renvi, lo se renvi'''

''<small>to</small> lift''  –  '''lafti'''

''like ...''  –  '''tai'''

''<small>to</small> like''  –  '''nelci'''

''limitedly''  –  '''ji'e'''

''listening! (in radio communications)''  –  '''re'i'''

''little''  –  '''ve'i'''

''<small>to</small> live (exist)''  –  '''zasti'''

''<small>to</small> live (survive)''  –  '''renvi'''

''<small>to</small> live (to be alive)''  –  '''jmive'''

''<small>to</small> live in''  –  '''xabju'''

''lively (full of energy)''  –  '''jai zu'e renvi'''

''logically''  –  '''ni'i''', '''se ni'i'''

''logically because ...''  –  '''ni'i''', '''se ni'i'''

''long ago''  –  '''zu'''

''look (act of looking)''  –  '''lo nu catlu'''

''<small>to</small> look at''  –  '''catlu'''

''<small>to</small> look for''  –  '''mitysisku''', '''sisku'''

''<small>to</small> look like''  –  '''simlu'''

''loosely speaking''  –  '''sa'e nai'''

''<small>to</small> lose''  –  '''cirko'''

''love (event)''  –  '''lo nu prami'''

''<small>to</small> love''  –  '''prami'''

''luckily''  –  '''fu'au'''

''<small>to</small> lure''  –  '''xlura'''

''m (letter)''  –  '''my'''

''<small>to</small> mail''  –  '''mrilu'''

''mainly (in importance)''  –  '''ra'u'''

''<small>to</small> make''  –  '''zbasu'''

''make yourself at home''  –  '''fi'i'''

''<small>in</small> manner ...''  –  '''tai'''

''many''  –  '''so'i'''

''<small>to</small> mark (to put a mark)''  –  '''jmina lo barna''', '''jai gau barna'''

''<small>to</small> mate with''  –  '''gletu'''

''<small>to</small> matter (to be important)''  –  '''vajni'''

''<small>you</small> may''  –  '''e'a'''

''maybe (uncertainty)''  –  '''I'm sure (certainty) cu'i'''

''<small>to</small> mean (to have meaning)''  –  '''se smuni'''

''means (instrument)''  –  '''lo tutci'''

''means (method)''  –  '''lo tadji'''

''meanwhile''  –  '''ca'''

''measure (action)''  –  '''lo se zukte'''

''measure (quantity)''  –  '''lo se klani'''

''<small>to</small> measure''  –  '''merli'''

''medium (in difficulty/easiness)''  –  '''no'e frili''', '''no'e nandu'''

''<small>to</small> meet''  –  '''penmi'''

''meh! (indifference)''  –  '''wish ... (desire) [I] cu'i'''

''<small>to</small> melt''  –  '''runme'''

''<small>to</small> mend''  –  '''cikre'''

''menu''  –  '''lo te cuxna'''

''methodically''  –  '''ta'i'''

''minus''  –  '''ni'u'''

''minus (subtraction operator)''  –  '''vu'u'''

''<small>to</small> mislead''  –  '''tcica'''

''<small>to</small> miss (to feel the lack of)''  –  '''caucni'''

''mixed together with ...''  –  '''joi'''

''mm! (love)''  –  '''iu'''

''<small>to</small> moan''  –  '''cmoni'''

''<small>to</small> mock at''  –  '''ckasu'''

''<small>to</small> modify''  –  '''galfi'''

''more than ...''  –  '''se mau'''

''more to come ...''  –  '''mu'o nai'''

''most''  –  '''so'e'''

''<small>to</small> move to''  –  '''muvdu'''

''must ''  –  '''bilga'''

''<small>to</small> mutually do''  –  '''simxu'''

''mwa ha ha! (cruelty)''  –  '''uu nai'''

''my''  –  '''pe mi'''

''n (letter)''  –  '''ny'''

''<small>to</small> name''  –  '''te cmene'''

''nay''  –  '''je'u nai'''

''near''  –  '''ne'a''', '''vi'''

''nearly (almost)''  –  '''so'a va'e'''

''<small>to</small> need''  –  '''nitcu'''

''neither ... nor''  –  '''ge nai ... gi'''

''never''  –  '''no roi'''

''next (following)''  –  '''lo za'u moi''', '''lo se lidne'''

''next to ...''  –  '''ne'a'''

''nine''  –  '''so'''

''no (false)''  –  '''je'u nai'''

''no (number)''  –  '''no'''

''no less than ...''  –  '''su'o'''

''no longer ...''  –  '''ba'o'''

''no more than ...''  –  '''su'e'''

''no one''  –  '''no da''', '''no prenu'''

''nobody''  –  '''no da''', '''no prenu'''

''<small>neither ...</small> nor''  –  '''ge nai ... gi'''

''not''  –  '''nai '''

''not ...''  –  '''na'e'''

''not yet''  –  '''nu'o'''

''nothing''  –  '''no da''', '''no dacti'''

''now''  –  '''nau''', '''ca'''

''nuh-uh! (disinclination''  –  '''au nai'''

''o (letter)''  –  '''obu'''

''<small>to</small> obey rule''  –  '''tinbe'''

''<small>to</small> observe''  –  '''zgana'''

''observed by ...''  –  '''ga'a'''

''<small>to</small> occur''  –  '''fasnu''', '''rapli'''

''of course''  –  '''li'a'''

''<small>to</small> offer''  –  '''friti'''

''oh dear! (pity''  –  '''uu'''

''on condition that ...''  –  '''va'o'''

''on date/time ...''  –  '''de'i'''

''on the one hand''  –  '''zu'u'''

''on the other hand''  –  '''zu'u nai'''

''on time ...''  –  '''de'i'''

''one''  –  '''pa'''

''one]''  –  '''ei'''

''oneself''  –  '''si'u nai'''

''only''  –  '''po'o'''

''ooh! (wonder)''  –  '''u'e'''

''oomph! (effort''  –  '''a'i'''

''<small>to</small> operate''  –  '''sazri'''

''<small>to</small> opine''  –  '''jinvi'''

''opinion (in my opinion)''  –  '''pe'i'''

''<small>to</small> oppose''  –  '''fapro'''

''<small>to</small> order''  –  '''minde'''

''<small>to</small> organize''  –  '''ganzu'''

''<small>to</small> oscillate''  –  '''slilu'''

''other than ...''  –  '''na'e'''

''otherwise equal to ...''  –  '''pa'a'''

''ouch! (complaint)''  –  '''oi'''

''outwards''  –  '''ze'o'''

''over''  –  '''mu'o'''

''over and out (at the end of discussion)''  –  '''fe'o'''

''over there''  –  '''vu'''

''<small>to</small> owe''  –  '''dejni'''

''<small>to</small> own''  –  '''ponse'''

''<small>to be</small> owned by''  –  '''se ponse'''

''p (letter)''  –  '''py'''

''<small>to</small> palpate''  –  '''palpi'''

''<small>to</small> panic about''  –  '''xalni'''

''<small>to</small> participate at''  –  '''participe'''

''passing through ...''  –  '''pa'o'''

''past tense''  –  '''pu'''

''patience!''  –  '''o'o'''

''<small>to</small> pause for''  –  '''denpa'''

''pausing ...''  –  '''de'a'''

''<small>to</small> pay''  –  '''pleji'''

''<small>to</small> pay attention''  –  '''jundi'''

''<small>to</small> pee''  –  '''pincivi'''

''<small>to</small> penetrate''  –  '''pagre'''

''percent''  –  '''ce'i'''

''<small>to</small> perform''  –  '''tigni'''

''<small>to</small> permit''  –  '''permite'''

''<small>to</small> persist''  –  '''ranji'''

''<small>to</small> pet''  –  '''satre'''

''pff! (commonplace)''  –  '''u'e nai'''

''phew! (relaxation)''  –  '''o'u'''

''pi (number)''  –  '''pai'''

''<small>to</small> pinch''  –  '''batci'''

''<small>to</small> piss''  –  '''pincivi'''

''<small>to</small> place''  –  '''punji'''

''<small>to</small> plan''  –  '''platu'''

''<small>to</small> play (instrument)''  –  '''zgipli'''

''<small>to</small> play''  –  '''kelci'''

''<small>to</small> plead''  –  '''pikci'''

''please''  –  '''pe'u''', '''e'o'''

''<small>to</small> please''  –  '''pluka'''

''please repeat!''  –  '''ke'o'''

''pleasure''  –  '''lo ka se pluka'''

''<small>to</small> plough''  –  '''plixa'''

''plural number''  –  '''za'u'''

''plus''  –  '''su'i'''

''<small>to</small> poke''  –  '''tunta'''

''<small>to</small> polish''  –  '''spali'''

''<small>to</small> ponder''  –  '''pensi'''

''poor thing! (pity''  –  '''uu'''

''possibly can ...''  –  '''ka'e'''

''possibly can and at least once actually is or does ...''  –  '''pu'i'''

''possibly can but actually not ...''  –  '''nu'o'''

''<small>to</small> post''  –  '''mrilu'''

''<small>to</small> precede''  –  '''lidne'''

''precisely speaking''  –  '''sa'e'''

''preferring out of ...''  –  '''te rai'''

''<small>to</small> prepare food''  –  '''jukpa'''

''<small>to</small> present at''  –  '''zvati'''

''present tense''  –  '''ca'''

''<small>to</small> press''  –  '''danre'''

''<small>to</small> prevent''  –  '''fanta'''

''<small>to</small> prick''  –  '''tunta'''

''primarily''  –  '''ra'u'''

''probably''  –  '''la'a'''

''<small>to</small> procreate''  –  '''rorci'''

''<small>to</small> produce''  –  '''cupra'''

''<small>expected</small> profit of an investment''  –  '''lo ve zivle'''

''<small>to</small> program (a computer program)''  –  '''sampla'''

''<small>to</small> promise''  –  '''nupre'''

''promise you ...''  –  '''nu'e'''

''<small>to</small> protest''  –  '''pante'''

''<small>to</small> prove (to be a proof)''  –  '''se jetnu'''

''<small>to</small> provide''  –  '''sabji'''

''provided that ...''  –  '''va'o'''

''provokation)''  –  '''e'e'''

''pshaw! (disbelief)''  –  '''ia nai'''

''psst!''  –  '''ju'i'''

''<small>to</small> pull''  –  '''lacpu'''

''<small>to</small> punish''  –  '''sfasa'''

''<small>for a</small> purpose''  –  '''te zu'e'''

''<small>to</small> push''  –  '''catke'''

''<small>to</small> put''  –  '''punji''', '''setca'''

''quitting ...''  –  '''co'u'''

''<small>to</small> quote''  –  '''sitna'''

''r (letter)''  –  '''ry'''

''<small>to</small> radiate''  –  '''dirce'''

''radix point''  –  '''pi'''

''<small>to</small> reach over''  –  '''kuspe'''

''<small>to</small> read''  –  '''tcidu'''

''ready to receive''  –  '''re'i'''

''<small>to</small> rear''  –  '''rirni'''

''recently''  –  '''zi'''

''<small>to</small> recline''  –  '''vreta'''

''<small>to</small> reflect''  –  '''minra'''

''<small>to</small> regret''  –  '''xenru'''

''regularly''  –  '''di'i'''

''<small>to</small> relax by''  –  '''surla'''

''reluctance)''  –  '''au nai'''

''<small>to</small> rely on''  –  '''lacri'''

''<small>to</small> remain''  –  '''stodi'''

''<small>to</small> remain at''  –  '''stali'''

''<small>to</small> remember''  –  '''morji'''

''<small>to</small> remember experience''  –  '''vedli'''

''<small>to</small> remove''  –  '''vimcu'''

''<small>to</small> repair''  –  '''cikre'''

''<small>to</small> repeat''  –  '''rapli'''

''<small>to</small> replace (be replacement)''  –  '''basti'''

''<small>to</small> represent''  –  '''krati'''

''<small>to</small> request''  –  '''cpedu'''

''requiring ...''  –  '''sau'''

''resembling ...''  –  '''tai'''

''<small>to</small> respond''  –  '''spusku''', '''spuda'''

''resulting from ...''  –  '''se ja'e'''

''resulting in ...''  –  '''ja'e'''

''resuming ...''  –  '''di'a'''

''<small>to</small> retain''  –  '''ralte'''

''<small>to</small> return to''  –  '''volve'''

''returning to main point''  –  '''ta'o nai'''

''<small>to</small> revenge''  –  '''venfu'''

''<small>to</small> reward''  –  '''cnemu'''

''<small>to</small> rhyme with''  –  '''rimni'''

''rightwards''  –  '''ri'u'''

''roger''  –  '''je'e'''

''<small>to</small> roll''  –  '''gunro'''

''<small>to</small> rot''  –  '''fusra'''

''<small>to</small> rotate''  –  '''carna'''

''<small>to</small> rub''  –  '''se mosra''', '''satre'''

''<small>to</small> run''  –  '''bajra'''

''s (letter)''  –  '''sy'''

''sarcastically''  –  '''xo'o'''

''<small>to</small> satisfy''  –  '''mansa'''

''<small>to</small> say''  –  '''cusku''', '''smusku'''

''<small>to</small> say goodby to''  –  '''tolrinsa'''

''<small>to</small> scrape''  –  '''guska'''

''<small>to</small> scratch''  –  '''sraku'''

''<small>to</small> scrub against''  –  '''se mosra'''

''<small>to</small> search for''  –  '''mitysisku''', '''sisku'''

''searching)''  –  '''ua nai'''

''<small>to</small> see''  –  '''viska'''

''<small>to</small> seem to be''  –  '''simlu'''

''seems''  –  '''si'au'''

''<small>to</small> seize''  –  '''lebna'''

''<small>to</small> sell''  –  '''vecnu'''

''<small>to</small> sense''  –  '''ganse'''

''sent by ...''  –  '''be'i'''

''sent to ...''  –  '''te be'i'''

''seriously''  –  '''zo'o nai'''

''<small>to</small> serve''  –  '''selfu'''

''seven''  –  '''ze'''

''several''  –  '''so'o'''

''<small>to</small> sew''  –  '''fenso'''

''<small>to</small> shake''  –  '''desku'''

''shame on me!''  –  '''o'a nai'''

''<small>to</small> shatter''  –  '''porpi'''

''she''  –  '''le fetsi''', '''le pa fetsi'''

''<small>to</small> shock''  –  '''jenca'''

''should ...[I''  –  '''ei'''

''<small>to</small> shove''  –  '''catke'''

''<small>to</small> show''  –  '''jarco'''

''<small>by the</small> side of ...''  –  '''zo'a'''

''<small>on this</small> side of ...''  –  '''zo'i'''

''similarly''  –  '''pa'a''', '''si'a'''

''simply''  –  '''sa'u'''

''simultaneousely with ... (in time)''  –  '''ca'''

''sincerely''  –  '''xo'o nai'''

''<small>to</small> sing''  –  '''sanga'''

''<small>to</small> sit on''  –  '''zutse'''

''six''  –  '''xa'''

''<small>to</small> sleep''  –  '''sipna'''

''<small>to</small> slide''  –  '''sakli'''

''<small>to</small> slow down''  –  '''jabre'''

''small''  –  '''ve'i'''

''<small>to</small> smash''  –  '''marxa'''

''<small>to</small> smell''  –  '''sumne'''

''<small>to</small> smile''  –  '''cisma'''

''<small>to</small> smoke''  –  '''damva'u'''

''<small>to</small> sneeze''  –  '''senci'''

''<small>to</small> soak up''  –  '''cokcu'''

''<small>to</small> socialize''  –  '''jikca'''

''solely''  –  '''po'o'''

''some''  –  '''su'o'''

''soon''  –  '''zi'''

''sorry! (repentance)''  –  '''u'u'''

''<small>to</small> sow''  –  '''sombo'''

''speaking impartially''  –  '''pa'e'''

''<small>to</small> spit''  –  '''sputu'''

''<small>to</small> split into''  –  '''katna'''

''<small>to</small> spread over''  –  '''preja'''

''square root of -1''  –  '''ka'o'''

''<small>to</small> squeeze''  –  '''danre'''

''<small>to</small> stab''  –  '''tunta'''

''<small>to</small> stand on''  –  '''sanli'''

''<small>to</small> start''  –  '''cfari'''

''starting ...''  –  '''co'a'''

''<small>to</small> stay at''  –  '''stali'''

''<small>to</small> step on''  –  '''stapa'''

''<small>to</small> stick to''  –  '''snipa'''

''still''  –  '''za'o'''

''<small>to</small> stir''  –  '''jicla'''

''<small>to</small> stitch''  –  '''fenso'''

''<small>to</small> stop''  –  '''sisti'''

''<small>to</small> strike''  –  '''darxi'''

''<small>to</small> stroke''  –  '''satre'''

''<small>to</small> struggle''  –  '''damba'''

''<small>to</small> stun''  –  '''jenca'''

''subjunctive mood''  –  '''da'i'''

''<small>to</small> subtract''  –  '''vimcu'''

''<small>to</small> succeed at''  –  '''snada'''

''<small>to</small> suck''  –  '''sakci'''

''<small>to</small> suffice (be enough)''  –  '''banzu'''

''<small>to</small> suggest''  –  '''stidi'''

''<small>to</small> suit''  –  '''mapti'''

''<small>to</small> support''  –  '''sarji'''

''<small>to</small> surprise''  –  '''spaji'''

''<small>to</small> surrender''  –  '''tolpro'''

''<small>to</small> surround''  –  '''sruri'''

''surrounding ...''  –  '''ru'u'''

''<small>to</small> survive''  –  '''renvi'''

''<small>to</small> swallow''  –  '''tunlo'''

''<small>to</small> swell''  –  '''plana''', '''punli'''

''<small>to</small> swim''  –  '''limna'''

''<small>to</small> swoop into''  –  '''sfubu'''

''t (letter)''  –  '''ty'''

''<small>to</small> take''  –  '''lebna'''

''<small>to</small> take care of''  –  '''kurji'''

''<small>to</small> take part in''  –  '''participe'''

''talented''  –  '''lo stati'''

''<small>to</small> talk to''  –  '''tavla'''

''<small>to</small> taste (feel the taste)''  –  '''smaka'''

''<small>to</small> te same as)''  –  '''du'''

''<small>to</small> teach''  –  '''ctuca'''

''<small>to</small> tell about''  –  '''skicu'''

''ten''  –  '''dau'''

''thank you!''  –  '''ki'e'''

''thanks to ...''  –  '''se xau'''

''thanks!''  –  '''ki'e'''

''that inalienably belongs to ...''  –  '''po'e'''

''that is about ...''  –  '''pe'''

''that one''  –  '''va'''

''that one over there''  –  '''tu''', '''vu'''

''that one there''  –  '''ta'''

''that&apos;s all I can say (in radio communications)''  –  '''mu'o'''

''the Sun''  –  '''la Sol'''

''there''  –  '''va'''

''there exists''  –  '''bu'a''', '''bu'e, bu'i'''

''they''  –  '''le za'u mei'''

''they say''  –  '''ti'e'''

''think (I think)''  –  '''pe'i'''

''<small>to</small> think (opine)''  –  '''jinvi'''

''<small>to</small> think (ponder)''  –  '''pensi'''

''<small>to</small> thirst for''  –  '''taske'''

''thirteen''  –  '''jau'''

''this one''  –  '''vi'''

''this one here''  –  '''ti'''

''<small>to</small> threaten''  –  '''nupre'''

''three''  –  '''ci'''

''throughout a space''  –  '''vi'u'''

''throughout a space-time''  –  '''vi'e'''

''throughout an area''  –  '''vi'a'''

''<small>to</small> throw''  –  '''renro'''

''<small>to</small> tie''  –  '''lasna'''

''to ... (destination)''  –  '''se ka'a'''

''to ... (towards)''  –  '''fa'a'''

''<small>talking</small> to ...''  –  '''cusku fi'''

''to observer ...''  –  '''ga'a'''

''to the degree of ...''  –  '''ji'e'''

''to the front of ...''  –  '''ca'u'''

''to the left of ...''  –  '''zu'a'''

''to the rear of ...''  –  '''ti'a'''

''to the right of ...''  –  '''ri'u'''

''together with ...''  –  '''ka'ai'''

''too''  –  '''ji'a'''

''too few''  –  '''mo'a'''

''too many''  –  '''du'e'''

''<small>to</small> touch''  –  '''pencu'''

''<small>to</small> touch-feel''  –  '''palpi'''

''touching ...''  –  '''re'o'''

''towards ...''  –  '''fa'a'''

''<small>to</small> trade''  –  '''canja'''

''<small>to</small> transform''  –  '''galfi'''

''<small>to</small> transform into''  –  '''binxo'''

''<small>to</small> translate''  –  '''traduki'''

''<small>to</small> transmit''  –  '''benji''', '''cradi'''

''<small>to</small> transport''  –  '''bevri'''

''<small>to</small> travel''  –  '''litru'''

''<small>to</small> treat''  –  '''mikce'''

''<small>to</small> trick''  –  '''tcica'''

''trip (journey)''  –  '''lo nu litru'''

''true_''  –  '''ja'a'''

''truly''  –  '''je'u'''

''<small>to</small> trust''  –  '''lacri'''

''<small>to</small> try to''  –  '''troci'''

''<small>to</small> turn''  –  '''carna'''

''twelve''  –  '''gai'''

''<small>to</small> twist under''  –  '''torni'''

''two''  –  '''re'''

''u (letter)''  –  '''ubu'''

''under''  –  '''ni'a'''

''under conditions ...''  –  '''va'o'''

''<small>to</small> understand''  –  '''jimpe'''

''uniquely''  –  '''po'o'''

''unluckily''  –  '''fu'au nai'''

''up from ...''  –  '''ga'u'''

''up to limit ...''  –  '''ji'e'''

''<small>to</small> urinate''  –  '''pincivi'''

''<small>to</small> use''  –  '''pilno'''

''<small>to</small> use up''  –  '''xaksu'''

''using ...''  –  '''se pi'o'''

''usually''  –  '''so'e roi ku'''

''<small>to</small> utter (moan)''  –  '''cmoni'''

''<small>to</small> utter''  –  '''bacru'''

''v (letter)''  –  '''vy'''

''<small>to</small> vary''  –  '''cenba'''

''via a free will''  –  '''zu'e'''

''<small>to</small> vibrate''  –  '''desku'''

''voila! (completion)''  –  '''uo'''

''<small>to</small> vomit''  –  '''vamtu'''

''w (letter)''  –  '''vy bu'''

''<small>to</small> wait''  –  '''denpa'''

''<small>to</small> walk''  –  '''cadzu'''

''<small>to</small> want''  –  '''djica'''

''<small>to</small> war against''  –  '''jamna'''

''<small>to</small> warn of''  –  '''kajde'''

''<small>to</small> wash''  –  '''lumci'''

''<small>to</small> watch''  –  '''jundi'''

''we''  –  '''mi'ai'''

''we with you''  –  '''ma'a'''

''we without you''  –  '''mi'a'''

''<small>to</small> wear''  –  '''dasni'''

''<small>to</small> weave''  –  '''jivbu'''

''<small>to</small> weep''  –  '''klaku'''

''<small>to</small> welcome''  –  '''rinsa'''

''what''  –  '''ma''', '''ma poi dacti'''

''what is more''  –  '''ke'u nai'''

''whee! (happiness)''  –  '''ui'''

''when''  –  '''ca ma'''

''where''  –  '''bu'u ma'''

''whether or not''  –  '''gi'u''', '''ju'''

''which is about ...''  –  '''ne'''

''<small>to</small> whip''  –  '''bikla'''

''<small>to</small> whistle''  –  '''siclu'''

''who''  –  '''ma''', '''ma poi prenu'''

''whoa! (caution)''  –  '''o'i'''

''wilco (expresses compliance)''  –  '''vi'o'''

''will do that''  –  '''vi'o'''

''<small>to</small> win''  –  '''jinga'''

''<small>to</small> wipe''  –  '''jai gau mosra''', '''lumci, se mosra'''

''<small>I</small> wish ... (desire)''  –  '''au'''

''<small>to</small> wish''  –  '''dapma'''

''with ... (together)''  –  '''ka'ai'''

''with ... (using)''  –  '''se pi'o'''

''with ... being more''  –  '''mau'''

''with ... doing more''  –  '''mau'''

''with a companion ...''  –  '''ka'ai'''

''with active agent ...''  –  '''gau'''

''with an actor ...''  –  '''zu'e'''

''with the event of ...''  –  '''fau'''

''with the help of ...''  –  '''si'u'''

''with the most one being ...''  –  '''rai'''

''with the motive of ...''  –  '''mu'i'''

''within''  –  '''ne'i'''

''without help''  –  '''si'u nai'''

''<small>I</small> wonder ... (interest)''  –  '''a'u'''

''<small>to</small> work on''  –  '''gunka'''

''<small>to</small> worry about''  –  '''xanka'''

''wow! (surprise)''  –  '''ue'''

''<small>to</small> write''  –  '''ciska'''

''wrong''  –  '''na'''

''x (letter)''  –  '''xy'''

''y (letter)''  –  '''ybu'''

''yahoo! (happiness)''  –  '''ui'''

''yay! (happiness)''  –  '''ui'''

''yeah! aye! (agreement)''  –  '''ie'''

''<small>to</small> yell''  –  '''krixa''', '''krixa'''

''yes''  –  '''je'u'''

''<small>not</small> yet''  –  '''nu'o'''

''<small>to</small> yield to''  –  '''tolpro'''

''yikes! (fear)''  –  '''ii'''

''yippie! (happiness)''  –  '''ui'''

''you''  –  '''do'''

''you and I''  –  '''mi'o'''

''you and others''  –  '''do'o'''

''you are welcome''  –  '''fi'i'''

''you are welcome (in reply to thanks)''  –  '''je'e'''

''yow! (surprise)''  –  '''ue'''

''z (letter)''  –  '''zy'''

''zepto-''  –  '''zepti'''

''zero''  –  '''no'''

''× (multiplication operator)''  –  '''pi'i'''

''— (subtraction operator)''  –  '''vu'u'''

